SRA_Accession,accessionid,Accession name,genome_mCG,Genome_coverage,gbm_gene_mCG,gbm_gene_coverage,HTA9 allele,Group
SRX445990,6172,TÅD 04,0.323464509,0.622903216,0.271450534,0.73084886,G,NorthSweden
SRX445924,6069,Nyl-7,0.32396356,0.631787019,0.307638093,0.731605004,G,NorthSweden
SRX445993,6173,TÅD 05,0.28113932,0.64175344,0.2638428,0.737811179,G,NorthSweden
SRX445997,6184,TBÖ 01,0.336469706,0.642548482,0.304594808,0.741641709,G,NorthSweden
SRX248744,6968,Tamm-2,0.352470361,0.643714748,0.280031597,0.694205333,G,NorthSweden
SRX446043,6918,Fäb-4,0.323565995,0.646682147,0.311864748,0.756215262,G,NorthSweden
SRX445888,1552,Sku-30,0.252326188,0.659123167,0.234123607,0.759515847,G,NorthSweden
SRX445927,6071,Omn-5,0.320411511,0.659950552,0.306296707,0.761477075,G,NorthSweden
SRX446114,9363,EdJ 2,0.309912482,0.661336524,0.286869634,0.779731403,G,NorthSweden
SRX446014,6210,TEDEN 03,0.329830508,0.683265453,0.279641975,0.786776697,G,NorthSweden
SRX446041,6913,Eden-2,0.312037094,0.684052666,0.295142208,0.780475221,G,NorthSweden
SRX445925,6070,Omn-1,0.333074617,0.691317583,0.300004565,0.799453896,G,NorthSweden
SRX446084,8376,Sanna-2,0.321736994,0.692781884,0.300346836,0.801511642,G,NorthSweden
SRX445905,6013,Eden-9,0.316692472,0.699020062,0.292421644,0.809244019,G,NorthSweden
SRX446098,9323,Ådal 3,0.332907115,0.704500928,0.290559087,0.811748613,G,NorthSweden
SRX446023,6237,TOM 03,0.315152857,0.714650382,0.318804887,0.824990273,G,NorthSweden
SRX445988,6153,TAA 03,0.30421939,0.716331365,0.266959978,0.817953838,G,NorthSweden
SRX445902,6011,Eden-6,0.319851595,0.729753518,0.293017766,0.833546387,G,NorthSweden
SRX446051,8227,THÖ 03,0.319459378,0.733604389,0.312147646,0.816016131,G,NorthSweden
SRX446019,6231,TNY 04,0.309710361,0.734638316,0.299001688,0.812957518,G,NorthSweden
SRX446141,9427,Näs 2,0.302665442,0.738356436,0.278408728,0.837256554,G,NorthSweden
SRX446101,9332,Bar 1,0.317569642,0.745797204,0.293493005,0.838811407,G,NorthSweden
SRX1664556,6174,TÅD 06,0.309654446,0.747818644,0.263632174,0.73457824,G,NorthSweden
SRX446017,6221,TGR 02,0.320377192,0.748276103,0.290585518,0.847062011,G,NorthSweden
SRX446021,6235,TOM 01,0.351515428,0.749477719,0.338068575,0.843084432,G,NorthSweden
SRX1664529,6017,Eds-9,0.32499148,0.769443464,0.302691884,0.771756052,G,NorthSweden
SRX2190776,8351,Ost-0,0.334254316,0.779224445,0.268475458,0.837772411,G,NorthSweden
SRX1664528,6009,Eden-1,0.296393991,0.81155821,0.262402805,0.837761707,G,NorthSweden
SRX1664581,6917,Fäb-2,0.267706412,0.828468462,0.219981158,0.861335233,G,NorthSweden
SRX2190754,6969,Tamm-27,0.307116418,0.832293349,0.258196031,0.910555334,G,NorthSweden
SRX1664725,9388,Grön 14,0.314693459,0.834821201,0.290341986,0.86789073,G,NorthSweden
SRX1664554,6169,TÅD 01,0.281453862,0.836454378,0.225602918,0.865400062,G,NorthSweden
SRX1664552,6163,TAA 14,0.294178427,0.845934062,0.253945266,0.878385654,G,NorthSweden
SRX1664563,6220,TGR 01,0.313271816,0.846664039,0.281730019,0.880522102,G,NorthSweden
SRX1664724,9386,Grön 12,0.336223265,0.853379714,0.323878605,0.880046531,G,NorthSweden
SRX1664562,6218,TFÄ 08,0.304342853,0.857559301,0.286078474,0.889720538,G,NorthSweden
SRX1664557,6177,TÄL 03,0.310731537,0.863596873,0.290843188,0.89654836,G,NorthSweden
SRX1664533,6025,Gro-3,0.296016688,0.870901392,0.258366679,0.904161736,G,NorthSweden
SRX1664722,9321,Ådal 1,0.308591138,0.889657872,0.282651419,0.922497866,G,NorthSweden
SRX1664564,6241,TOM 07,0.320279395,0.896038255,0.29375848,0.920010977,G,NorthSweden
SRX1664553,6166,TAA 17,0.293680036,0.898811286,0.253516954,0.930924644,G,NorthSweden
SRX1664537,6064,Nyl-2,0.310436041,0.900265444,0.297740446,0.934429194,G,NorthSweden
SRX1664551,6154,TAA 04,0.293473593,0.906603904,0.246251298,0.936912565,G,NorthSweden
SRX1664732,9433,Nyl 13,0.309260751,0.910957717,0.290057127,0.940015641,G,NorthSweden
SRX445919,6043,Löv-1,0.289846316,0.615010786,0.262558018,0.723079581,A,NorthSweden
SRX445922,6046,Löv-5,0.289151522,0.65836066,0.270682637,0.748726717,A,NorthSweden
SRX445882,1254,Tos-82-387,0.285795807,0.697073601,0.21173151,0.798283408,A,NorthSweden
SRX445909,6030,Grön-5,0.303616181,0.767623366,0.237450514,0.874010696,A,NorthSweden
SRX445883,1257,Tos-95-393,0.279280693,0.771084435,0.208369942,0.859225773,A,NorthSweden
SRX1664577,6900,Bil-5,0.315272029,0.785545214,0.304314203,0.8011111,A,NorthSweden
SRX1664520,5860,Dra-3,0.273256369,0.872491915,0.221025111,0.911009476,A,NorthSweden
