gene_ID	chromosome	gene_start	gene_end	start	end	mean_h2az	max_h2az	V1	CG_pairs_count	n_overlap	percentoverlap
AT1G01730	1	270797	272189	271952	272171	0.545384994	1.304749966	CHR1	2	2	1
AT1G02430	1	495050	496332	495055	495650	0.575617911	1.217759967	CHR1	15	4	0.266666667
AT1G05750	1	1721509	1724734	1723352	1724100	0.874909929	1.620630026	CHR1	17	13	0.764705882
AT1G05760	1	1723734	1724534	1723782	1724100	0.873187431	1.620630026	CHR1	13	13	1
AT1G06500	1	1989479	1990730	1990252	1990729	0.587729503	1.565700054	CHR1	10	3	0.3
AT1G07520	1	2309534	2312385	2309557	2309950	0.674125619	0.939418018	CHR1	3	3	1
AT1G07740	1	2397442	2400508	2397565	2399550	0.652429969	1.391729951	CHR1	60	49	0.816666667
AT1G07730	1	2397527	2398696	2397565	2398655	0.364300522	1.391729951	CHR1	49	49	1
AT1G08480	1	2684176	2685702	2685502	2685661	0.652373992	1.043799996	CHR1	2	1	0.5
AT1G08560	1	2709525	2711000	2709526	2709800	0.780740008	1.565700054	CHR1	4	4	1
AT1G09610	1	3111694	3112873	3112452	3112779	0.485180144	1.210809946	CHR1	2	1	0.5
AT1G10150	1	3325799	3327614	3326893	3327370	0.840609908	1.304749966	CHR1	20	20	1
AT1G10155	1	3325825	3328448	3326893	3327370	0.840609908	1.304749966	CHR1	20	20	1
AT1G10500	1	3460000	3461485	3460168	3460776	0.70566307	1.391729951	CHR1	9	6	0.666666667
AT1G11303	1	3797667	3800851	3800452	3800752	1.135664429	1.565700054	CHR1	8	7	0.875
AT1G11780	1	3976839	3979237	3977002	3978100	0.617128593	1.565700054	CHR1	28	9	0.321428571
AT1G11770	1	3975607	3977379	3977002	3977285	0.940143332	1.565700054	CHR1	9	9	1
AT1G12210	1	4140216	4143916	4141432	4142900	1.102458395	2.548089981	CHR1	36	36	1
AT1G12211	1	4140875	4144114	4141432	4142900	1.102458395	2.548089981	CHR1	36	36	1
AT1G13050	1	4449713	4451742	4449730	4451150	0.420686997	0.794193983	CHR1	32	7	0.21875
AT1G13330	1	4567935	4570598	4569302	4570350	0.926441908	1.230190039	CHR1	19	15	0.789473684
AT1G13340	1	4569448	4571229	4569455	4570350	0.927938057	1.192909956	CHR1	15	15	1
AT1G15050	1	5181991	5183413	5183252	5183407	1.065543517	1.275750041	CHR1	2	2	1
AT1G15870	1	5457084	5458429	5458152	5458420	0.938933343	1.217759967	CHR1	3	1	0.333333333
AT1G16022	1	5501317	5501856	5501331	5501600	0.953087479	2.783459902	CHR1	13	9	0.692307692
AT1G16025	1	5501505	5501959	5501509	5501600	0.562267989	0.618101001	CHR1	8	8	1
AT1G16280	1	5567742	5570679	5567749	5569578	0.916460424	6.610720158	CHR1	46	11	0.239130435
AT1G16960	1	5799741	5800887	5800602	5800832	0.597947001	0.869831026	CHR1	4	1	0.25
AT1G17600	1	6052936	6058114	6056002	6056100	1.043799996	1.043799996	CHR1	1	1	1
AT1G17610	1	6054922	6058357	6056002	6056100	1.043799996	1.043799996	CHR1	1	1	1
AT1G17840	1	6142402	6146521	6146202	6146505	0.80907986	1.109040022	CHR1	4	4	1
AT1G18630	1	6414609	6416459	6415550	6416401	0.352381223	0.854016006	CHR1	20	8	0.4
AT1G18640	1	6416169	6418693	6416212	6417804	0.92869252	4.958040237	CHR1	34	8	0.235294118
AT1G19240	1	6649243	6650446	6649310	6649800	0.648879394	1.391729951	CHR1	14	3	0.214285714
AT1G19350	1	6688463	6691216	6690152	6691216	0.833151824	2.087599993	CHR1	23	20	0.869565217
AT1G19360	1	6690399	6692566	6690423	6691467	0.78227673	2.087599993	CHR1	27	20	0.740740741
AT1G19396	1	6709778	6711788	6710596	6711325	0.727481793	3.131390095	CHR1	33	18	0.545454545
AT1G19394	1	6709773	6710670	6710596	6710667	0.506000996	0.583298981	CHR1	8	8	1
AT1G19397	1	6710851	6711787	6710858	6711325	0.890524611	3.131390095	CHR1	10	10	1
AT1G21650	1	7592664	7604229	7592921	7603288	0.819039572	12.52560043	CHR1	189	40	0.211640212
AT1G21651	1	7600805	7604215	7601052	7603288	0.487337694	1.826650023	CHR1	40	40	1
AT1G24030	1	8503217	8505460	8503352	8505416	0.782909668	4.349160194	CHR1	44	28	0.636363636
AT1G24040	1	8503777	8506837	8504052	8505898	0.39171024	1.391729951	CHR1	36	28	0.777777778
AT1G24350	1	8638520	8640825	8638552	8639818	0.587815115	2.609489918	CHR1	22	9	0.409090909
AT1G26100	1	9022542	9024081	9022549	9022650	0.806042324	1.217759967	CHR1	4	4	1
AT1G26300	1	9095768	9099766	9095952	9098825	0.740244757	3.522819996	CHR1	43	26	0.604651163
AT1G26290	1	9097643	9098964	9097696	9098825	0.811248954	1.913630009	CHR1	26	26	1
AT1G27695	1	9639024	9640204	9639772	9640103	0.658255629	1.159780025	CHR1	17	11	0.647058824
AT1G27700	1	9639859	9641902	9639873	9640950	0.774659264	1.47360003	CHR1	28	11	0.392857143
AT1G27720	1	9642486	9647620	9642870	9646300	1.094191467	3.653290033	CHR1	64	17	0.265625
AT1G27710	1	9642472	9643352	9642870	9643167	0.559831287	0.647154987	CHR1	17	17	1
AT1G28100	1	9801082	9804394	9803052	9804000	0.935996214	1.826650023	CHR1	10	6	0.6
AT1G28110	1	9803641	9806899	9803692	9804000	0.879984289	1.342030048	CHR1	6	6	1
AT1G28540	1	10035617	10037403	10036463	10037336	0.586591723	1.826650023	CHR1	21	20	0.952380952
AT1G28550	1	10036601	10037872	10036675	10037600	0.55686616	1.826650023	CHR1	36	20	0.555555556
AT1G30473	1	10786979	10788683	10788252	10788654	0.266131441	0.596455991	CHR1	9	9	1
AT1G30475	1	10788226	10790241	10788333	10789236	0.466295943	1.043799996	CHR1	18	9	0.5
AT1G31180	1	11142461	11144717	11142461	11143800	1.070275673	3.247370005	CHR1	29	6	0.206896552
AT1G31920	1	11461855	11463857	11461944	11462100	0.803090736	1.217759967	CHR1	1	1	1
AT1G32070	1	11534607	11536437	11534620	11535250	0.647148073	1.435220003	CHR1	3	1	0.333333333
AT1G33040	1	11966423	11967843	11967752	11967840	0.826341003	1.043799996	CHR1	1	1	1
AT1G33770	1	12241614	12245292	12244502	12245250	1.003167272	2.870440006	CHR1	20	19	0.95
AT1G33780	1	12244560	12246231	12244707	12245250	1.033822276	2.870440006	CHR1	19	19	1
AT1G34047	1	12390238	12390915	12390568	12390635	0.883877516	0.931015015	CHR1	5	5	1
AT1G34049	1	12390448	12391149	12390568	12390635	0.883877516	0.931015015	CHR1	5	5	1
AT1G43850	1	16616988	16622049	16617993	16622050	0.355671858	1.565700054	CHR1	77	21	0.272727273
AT1G43860	1	16620769	16624504	16620927	16623850	0.521319943	2.783459902	CHR1	63	21	0.333333333
AT1G44160	1	16794820	16796450	16796102	16796427	1.084014859	2.087599993	CHR1	5	2	0.4
AT1G47260	1	17319551	17323484	17320238	17322647	0.415082593	1.491140008	CHR1	54	22	0.407407407
AT1G47250	1	17319119	17321202	17320238	17321161	0.573344408	1.491140008	CHR1	22	22	1
AT1G47278	1	17330819	17332336	17331502	17332328	0.672277761	1.739660025	CHR1	14	3	0.214285714
AT1G48380	1	17876989	17879270	17877000	17878150	0.578674911	1.217759967	CHR1	15	6	0.4
AT1G48560	1	17952854	17955509	17953752	17955497	0.469601854	2.087599993	CHR1	36	32	0.888888889
AT1G48570	1	17953870	17957719	17953883	17957000	0.902470429	7.306580067	CHR1	73	32	0.438356164
AT1G48770	1	18040129	18041447	18041357	18041430	0.550893486	0.579887986	CHR1	4	2	0.5
AT1G50270	1	18622017	18624250	18623202	18623950	1.084133879	2.922630072	CHR1	19	4	0.210526316
AT1G50280	1	18623698	18626441	18623752	18623950	0.763369262	1.091240048	CHR1	4	4	1
AT1G50740	1	18807672	18809035	18808714	18808966	0.239479835	0.391424	CHR1	8	2	0.25
AT1G50900	1	18866197	18867204	18867152	18867204	1.123269975	1.22645998	CHR1	2	2	1
AT1G51960	1	19310174	19311683	19311252	19311677	0.400669997	1.08107996	CHR1	18	11	0.611111111
AT1G51965	1	19311466	19314195	19311540	19313126	0.533236483	3.504179955	CHR1	50	11	0.22
AT1G52500	1	19559880	19563113	19560886	19563053	0.41869667	1.043799996	CHR1	27	21	0.777777778
AT1G52510	1	19561510	19565272	19561629	19564250	0.620689977	1.755480051	CHR1	40	21	0.525
AT1G53450	1	19951006	19954325	19951019	19953184	0.906868845	5.218989849	CHR1	53	15	0.283018868
AT1G55755	1	20846115	20847732	20847179	20847350	0.739357494	1.304749966	CHR1	6	6	1
AT1G55760	1	20846872	20849054	20847179	20847350	0.739357494	1.304749966	CHR1	6	6	1
AT1G56320	1	21085548	21086499	21085616	21085750	0.247487669	0.372785002	CHR1	2	1	0.5
AT1G58220	1	21558243	21562966	21558405	21562083	0.574929185	3.305360079	CHR1	82	46	0.56097561
AT1G58223	1	21558383	21559933	21558405	21559920	0.66032738	3.305360079	CHR1	46	46	1
AT1G60990	1	22462026	22465495	22462340	22464530	0.748197449	2.609489918	CHR1	44	11	0.25
AT1G60989	1	22462160	22462721	22462340	22462722	1.157895221	2.609489918	CHR1	11	11	1
AT1G61415	1	22659661	22660967	22660302	22660600	0.677678665	1.241269946	CHR1	5	2	0.4
AT1G62840	1	23271416	23272578	23271821	23271900	0.946156502	0.964016974	CHR1	4	4	1
AT1G63990	1	23742842	23745385	23742843	23743450	0.600374842	1.913630009	CHR1	8	4	0.5
AT1G68030	1	25500378	25501803	25500432	25500750	0.660894717	1.043799996	CHR1	7	2	0.285714286
AT1G68080	1	25517411	25519653	25518252	25519650	0.895554775	2.609489918	CHR1	31	7	0.225806452
AT1G68090	1	25519305	25520895	25519447	25519650	0.866103983	1.391729951	CHR1	7	7	1
AT1G68300	1	25598331	25599350	25598359	25598670	0.565702711	0.736797988	CHR1	4	2	0.5
AT1G68725	1	25809298	25810130	25809413	25809948	0.126274999	0.184900999	CHR1	17	15	0.882352941
AT1G68723	1	25809246	25809811	25809413	25809807	0.127167221	0.184900999	CHR1	15	15	1
AT1G68940	1	25921453	25926075	25922544	25924500	0.708302649	2.087599993	CHR1	42	13	0.30952381
AT1G68935	1	25921525	25923094	25922544	25923081	0.6125695	1.826650023	CHR1	13	13	1
AT1G69280	1	26045158	26048190	26046002	26048053	0.861347779	2.087599993	CHR1	50	23	0.46
AT1G69290	1	26047372	26049348	26047480	26048564	0.445612479	0.747584999	CHR1	33	23	0.696969697
AT1G69325	1	26063187	26063877	26063645	26063796	0.740695499	1.043799996	CHR1	3	1	0.333333333
AT1G69370	1	26079956	26081727	26081302	26081634	0.570775419	1.043799996	CHR1	8	2	0.25
AT1G70330	1	26502909	26504619	26503852	26504537	0.976643719	2.319550037	CHR1	18	12	0.666666667
AT1G70340	1	26503961	26506672	26504023	26505400	0.940672395	2.45291996	CHR1	37	12	0.324324324
AT1G70760	1	26687202	26688384	26687644	26688196	0.650382496	0.978559971	CHR1	13	8	0.615384615
AT1G70770	1	26687798	26691281	26687918	26690168	0.416894264	1.565700054	CHR1	38	8	0.210526316
AT1G71190	1	26833406	26835060	26833534	26834214	1.167595339	7.306580067	CHR1	18	8	0.444444444
AT1G71180	1	26832267	26833709	26833534	26833654	0.915696733	1.670079947	CHR1	8	8	1
AT1G71480	1	26931852	26933313	26933108	26933263	0.774150491	1.043799996	CHR1	3	3	1
AT1G72540	1	27314877	27316669	27315552	27316100	0.671427369	1.043799996	CHR1	8	7	0.875
AT1G72545	1	27315740	27316417	27315765	27316100	0.700954433	1.043799996	CHR1	7	7	1
AT1G72600	1	27338034	27340328	27339402	27339857	0.4265882	0.706570983	CHR1	22	22	1
AT1G72610	1	27339114	27340044	27339402	27339857	0.4265882	0.706570983	CHR1	22	22	1
AT1G73066	1	27481785	27484078	27481837	27482600	0.358999749	0.626278996	CHR1	15	8	0.533333333
AT1G73065	1	27481734	27482171	27481837	27482028	0.360151803	0.497047007	CHR1	8	8	1
AT1G73140	1	27502021	27503834	27502146	27502250	0.609233658	0.678469002	CHR1	3	3	1
AT1G74220	1	27912931	27914161	27912939	27913000	1.069894016	1.252560019	CHR1	1	1	1
AT1G74340	1	27948045	27951668	27948592	27951150	0.578576498	4.43614006	CHR1	58	49	0.844827586
AT1G74350	1	27949022	27951413	27949214	27951150	0.656821999	4.43614006	CHR1	49	49	1
AT1G74380	1	27959527	27961487	27960802	27961187	0.955713123	2.544260025	CHR1	6	2	0.333333333
AT1G74385	1	27960725	27960970	27960802	27960945	0.596676985	0.772409976	CHR1	2	2	1
AT1G75080	1	28185504	28188075	28186902	28188000	0.672221593	1.491140008	CHR1	10	6	0.6
AT1G75090	1	28187447	28189765	28187811	28188000	1.045681506	1.491140008	CHR1	6	6	1
AT1G77230	1	29016120	29019768	29016779	29019400	0.786594975	12.2645998	CHR1	86	62	0.720930233
AT1G77240	1	29017958	29019789	29018091	29019400	1.010978065	12.2645998	CHR1	62	62	1
AT1G77270	1	29027753	29031386	29031152	29031252	0.680421342	1.159780025	CHR1	1	1	1
AT1G78780	1	29621340	29623337	29621346	29621450	1.107586334	1.461320043	CHR1	1	1	1
AT1G78890	1	29656430	29658634	29657573	29658537	0.347970093	0.782848001	CHR1	16	6	0.375
AT1G78895	1	29658116	29660006	29658120	29659050	0.295868469	0.521898985	CHR1	11	6	0.545454545
AT1G78922	1	29676755	29677815	29676770	29677000	0.74912219	1.07641995	CHR1	3	3	1
AT1G79270	1	29815470	29819678	29817067	29819624	0.861242408	2.288330078	CHR1	68	19	0.279411765
AT1G79780	1	30015712	30016856	30016452	30016812	0.407923754	0.592005014	CHR1	18	6	0.333333333
AT1G79790	1	30016671	30018234	30016676	30016870	0.4772008	0.592005014	CHR1	7	6	0.857142857
AT1G79950	1	30073524	30080778	30074958	30080390	0.469084109	1.369979978	CHR1	134	39	0.291044776
AT1G79960	1	30079665	30080552	30079709	30080390	0.361155856	0.730657995	CHR1	39	39	1
AT1G80625	1	30307505	30308844	30308568	30308790	0.744948602	0.913322985	CHR1	3	2	0.666666667
AT1G80890	1	30397128	30398210	30398102	30398193	1.124456972	1.774459958	CHR1	2	1	0.5
AT2G01410	2	175040	176407	175352	175818	0.829745209	1.064880013	CHR2	36	18	0.5
AT2G01400	2	174168	175617	175352	175606	0.841049343	1.064880013	CHR2	18	18	1
AT2G01860	2	388055	389918	388702	389625	0.774916686	2.348550081	CHR2	26	7	0.269230769
AT2G01870	2	389470	390405	389571	389625	0.376927003	0.405921012	CHR2	7	7	1
AT2G02730	2	764547	767500	764701	766700	0.285870272	0.782848001	CHR2	33	8	0.242424242
AT2G03630	2	1103205	1104392	1103952	1104325	0.776054375	1.441429973	CHR2	4	1	0.25
AT2G04280	2	1480068	1482089	1480070	1481250	0.65648079	2.311269999	CHR2	24	7	0.291666667
AT2G04410	2	1533697	1535118	1533708	1534150	0.488535557	1.043799996	CHR2	11	3	0.272727273
AT2G04620	2	1610506	1612960	1610590	1611896	0.846400641	4.697090149	CHR2	36	9	0.25
AT2G04621	2	1610662	1611347	1611002	1611323	0.595757293	1.159780025	CHR2	9	9	1
AT2G04840	2	1697009	1698240	1698152	1698226	0.695865005	0.869831026	CHR2	4	4	1
AT2G05753	2	2171390	2171936	2171509	2171921	0.670537882	1.304749966	CHR2	5	5	1
AT2G10556	2	4105464	4106256	4105502	4106252	0.2157301	0.431915998	CHR2	22	7	0.318181818
AT2G10557	2	4106183	4106356	4106191	4106343	0.060762326	0.071370803	CHR2	10	7	0.7
AT2G15680	2	6830995	6831641	6831402	6831632	0.701137602	0.894684017	CHR2	5	5	1
AT2G18400	2	7989476	7990586	7989503	7989600	0.529147491	0.579887986	CHR2	1	1	1
AT2G18460	2	8001234	8002998	8002702	8002938	0.643610603	0.904624999	CHR2	3	1	0.333333333
AT2G19180	2	8324653	8326223	8325578	8326223	0.617158926	1.159780025	CHR2	14	9	0.642857143
AT2G19190	2	8326049	8329944	8326077	8326400	0.801440294	1.491140008	CHR2	15	9	0.6
AT2G19290	2	8365919	8367022	8365927	8366300	1.145460017	1.913630009	CHR2	7	3	0.428571429
AT2G19340	2	8373766	8375955	8373917	8374680	1.187744133	2.609489918	CHR2	20	9	0.45
AT2G19330	2	8372861	8374453	8373917	8374150	0.998828602	1.660590053	CHR2	9	9	1
AT2G19720	2	8510020	8511395	8510045	8510150	0.832801322	0.913322985	CHR2	2	1	0.5
AT2G21340	2	9132381	9136787	9133976	9136538	0.995437788	5.740890026	CHR2	50	13	0.26
AT2G21350	2	9136203	9137284	9136207	9136538	1.180301581	2.907720089	CHR2	13	13	1
AT2G22730	2	9660858	9664133	9663952	9664121	1.014441982	1.87883997	CHR2	5	5	1
AT2G23755	2	10102787	10104050	10102802	10103157	0.814561624	1.565700054	CHR2	12	12	1
AT2G23940	2	10183867	10185331	10184861	10185304	0.488104402	0.671012998	CHR2	11	3	0.272727273
AT2G24970	2	10619531	10621307	10619852	10620400	0.564508548	1.118350029	CHR2	11	7	0.636363636
AT2G25650	2	10914511	10916216	10915352	10916023	0.637540711	1.50770998	CHR2	23	23	1
AT2G28671	2	12300203	12302036	12301002	12301284	0.752829333	0.976888001	CHR2	9	9	1
AT2G28670	2	12300265	12302358	12301002	12301284	0.752829333	0.976888001	CHR2	9	9	1
AT2G29640	2	12671206	12673334	12672486	12673325	0.577731557	1.118350029	CHR2	13	3	0.230769231
AT2G29650	2	12673099	12676092	12673192	12673500	0.611722278	0.82012701	CHR2	5	3	0.6
AT2G31820	2	13529766	13533348	13530652	13533343	0.909479574	7.176109791	CHR2	61	18	0.295081967
AT2G31880	2	13554870	13556977	13556452	13556944	0.970808101	1.826650023	CHR2	10	9	0.9
AT2G31890	2	13556500	13559880	13556641	13558650	0.882877389	1.826650023	CHR2	32	9	0.28125
AT2G32470	2	13787172	13788894	13788507	13788884	0.71085212	1.161649942	CHR2	7	5	0.714285714
AT2G32480	2	13788517	13790077	13788723	13789150	0.624325891	1.130779982	CHR2	14	5	0.357142857
AT2G33390	2	14150993	14153118	14152005	14153059	0.47736195	1.304749966	CHR2	20	7	0.35
AT2G33400	2	14152706	14154578	14152709	14153059	0.39849175	0.652374029	CHR2	7	7	1
AT2G34110	2	14392551	14403317	14397152	14398218	0.826048178	2.609489918	CHR2	20	20	1
AT2G34090	2	14396016	14399275	14397152	14398218	0.826048178	2.609489918	CHR2	20	20	1
AT2G34460	2	14529558	14530958	14530402	14530954	0.513209747	1.043799996	CHR2	11	5	0.454545455
AT2G34470	2	14530735	14532505	14530815	14531513	0.876726995	2.152829885	CHR2	17	5	0.294117647
AT2G35520	2	14921473	14923025	14922302	14922942	0.742075301	1.252560019	CHR2	8	2	0.25
AT2G36355	2	15242323	15243492	15242429	15243451	0.541164046	0.996352017	CHR2	21	8	0.380952381
AT2G38185	2	15999926	16003169	16000852	16002860	0.627594025	1.739660025	CHR2	46	19	0.413043478
AT2G38195	2	16002263	16006654	16002274	16005668	0.585990082	1.739660025	CHR2	66	19	0.287878788
AT2G38620	2	16152473	16154086	16153902	16154007	0.82961601	0.894684017	CHR2	1	1	1
AT2G38790	2	16214189	16215264	16214452	16214600	0.957072675	1.108139992	CHR2	4	4	1
AT2G40160	2	16777323	16779408	16777425	16778335	0.784250898	1.267470002	CHR2	19	15	0.789473684
AT2G40165	2	16777493	16779137	16777519	16778335	0.788377182	1.267470002	CHR2	15	15	1
AT2G40420	2	16877144	16879214	16878202	16879177	0.774964544	1.50770998	CHR2	16	4	0.25
AT2G40640	2	16960964	16963215	16961508	16961903	0.793478654	1.217759967	CHR2	7	4	0.571428571
AT2G41640	2	17360374	17363788	17362722	17363683	1.034832343	3.755130053	CHR2	39	39	1
AT2G41650	2	17362645	17364518	17362722	17363683	1.034832343	3.755130053	CHR2	39	39	1
AT2G42530	2	17708593	17710433	17708606	17708667	0.1420305	0.146718994	CHR2	5	5	1
AT2G42920	2	17858655	17863466	17859652	17863151	0.660241831	2.783459902	CHR2	71	30	0.422535211
AT2G42930	2	17860868	17861272	17860903	17861265	0.417609744	0.60888201	CHR2	7	7	1
AT2G42940	2	17862254	17863456	17862262	17863151	0.861892901	1.945260048	CHR2	23	23	1
AT2G43750	2	18129435	18132638	18129612	18131516	0.5325929	3.653290033	CHR2	36	9	0.25
AT2G43745	2	18128529	18129841	18129612	18129801	0.878600001	0.941686988	CHR2	9	9	1
AT2G45520	2	18755045	18756302	18755103	18755650	0.599102722	1.155629992	CHR2	12	4	0.333333333
AT2G47380	2	19440923	19442053	19441771	19442053	0.663911711	1.113379955	CHR2	4	1	0.25
AT2G48070	2	19662715	19664465	19663752	19664423	0.890290792	1.826650023	CHR2	13	10	0.769230769
AT2G48075	2	19663916	19664767	19664001	19664750	0.85175374	1.826650023	CHR2	16	10	0.625
AT3G01350	3	134925	137460	136152	137434	0.576796267	1.477069974	CHR3	38	25	0.657894737
AT3G01360	3	136399	138799	136501	137434	0.433595263	1.043799996	CHR3	25	25	1
AT3G02020	3	337712	343912	339002	340850	1.079072533	4.070809841	CHR3	52	44	0.846153846
AT3G02010	3	337906	340442	339002	340352	1.113805567	2.957429886	CHR3	44	44	1
AT3G02410	3	489670	494958	491323	492150	0.769661998	1.252560019	CHR3	12	9	0.75
AT3G02400	3	489670	491927	491323	491906	0.715436307	1.252560019	CHR3	9	9	1
AT3G03305	3	775368	778396	775723	777516	0.992368439	9.394180298	CHR3	39	12	0.307692308
AT3G03320	3	781715	783464	782843	783464	0.728923782	2.435529947	CHR3	13	3	0.230769231
AT3G04443	3	1178508	1181205	1179222	1180250	0.618977234	1.217759967	CHR3	24	24	1
AT3G04440	3	1178505	1180943	1179222	1180110	0.419382989	0.671012998	CHR3	24	24	1
AT3G05230	3	1492084	1495397	1492902	1494450	1.182385802	2.348550081	CHR3	33	18	0.545454545
AT3G05240	3	1493684	1495381	1493859	1494450	1.148683995	1.789369941	CHR3	18	18	1
AT3G05310	3	1510160	1513301	1513002	1513284	0.811775158	0.966479003	CHR3	10	9	0.9
AT3G05320	3	1513062	1515568	1513062	1514050	0.809624453	1.275750041	CHR3	19	9	0.473684211
AT3G05350	3	1526963	1533909	1527502	1532107	0.611800185	4.697090149	CHR3	89	34	0.382022472
AT3G05360	3	1530668	1533361	1530771	1532107	0.726523998	2.261559963	CHR3	34	34	1
AT3G05930	3	1770337	1771409	1770812	1771391	0.785535159	2.311269999	CHR3	21	13	0.619047619
AT3G05935	3	1770911	1773461	1770922	1771670	0.769312057	2.311269999	CHR3	17	13	0.764705882
AT3G08890	3	2706534	2708747	2707487	2708500	0.474443567	1.304749966	CHR3	14	5	0.357142857
AT3G08900	3	2708086	2709949	2708386	2708500	0.248040333	0.342660993	CHR3	5	5	1
AT3G09050	3	2764651	2766144	2765752	2766064	0.970626848	1.204380035	CHR3	12	8	0.666666667
AT3G09060	3	2765812	2768499	2765847	2767422	1.175816173	4.305669785	CHR3	37	8	0.216216216
AT3G10060	3	3102074	3104014	3103427	3103990	0.719939249	1.043799996	CHR3	13	4	0.307692308
AT3G10620	3	3320163	3321724	3321547	3321607	0.791194667	1.435220003	CHR3	3	3	1
AT3G11560	3	3639412	3646061	3640252	3645928	0.355532392	1.565700054	CHR3	93	22	0.23655914
AT3G11570	3	3645022	3647542	3645159	3646250	0.456896495	1.043799996	CHR3	27	22	0.814814815
AT3G12760	3	4054724	4058840	4055577	4058200	0.638585522	1.940809965	CHR3	65	39	0.6
AT3G12770	3	4056953	4059284	4057117	4058200	0.700240174	1.940809965	CHR3	39	39	1
AT3G12820	3	4073855	4075643	4073883	4074396	0.864176639	1.356940031	CHR3	7	4	0.571428571
AT3G12930	3	4128334	4129956	4129559	4129869	0.543701572	0.82012701	CHR3	4	3	0.75
AT3G13670	3	4469153	4473547	4470618	4473287	0.537292266	2.261559963	CHR3	50	22	0.44
AT3G13672	3	4472562	4474378	4472630	4473600	1.001585094	2.539910078	CHR3	26	22	0.846153846
AT3G13700	3	4490628	4493737	4491502	4491783	1.047753334	1.565700054	CHR3	5	5	1
AT3G13710	3	4490628	4493831	4491502	4491783	1.047753334	1.565700054	CHR3	5	5	1
AT3G15200	3	5117489	5119060	5117494	5117850	1.072550878	1.583690047	CHR3	4	3	0.75
AT3G15260	3	5138684	5142873	5139546	5141088	1.033013219	7.480549812	CHR3	41	16	0.390243902
AT3G15270	3	5140365	5142323	5140425	5141088	0.550318436	1.23608005	CHR3	16	16	1
AT3G17655	3	6034122	6035497	6035102	6035479	0.626738254	1.287350059	CHR3	6	6	1
AT3G18530	3	6373525	6375723	6375402	6375712	0.663611152	1.565700054	CHR3	10	9	0.9
AT3G18535	3	6375269	6377625	6375473	6376200	0.534177599	0.894684017	CHR3	24	9	0.375
AT3G19480	3	6752422	6754785	6754302	6754783	0.752416787	1.870139956	CHR3	14	3	0.214285714
AT3G19800	3	6876043	6877642	6877552	6877634	0.861133009	0.939418018	CHR3	1	1	1
AT3G21360	3	7522804	7524580	7524152	7524400	0.776100004	1.091240048	CHR3	8	8	1
AT3G21370	3	7524054	7527677	7524152	7524400	0.776100004	1.091240048	CHR3	8	8	1
AT3G22183	3	7831129	7831371	7831227	7831368	1.123897001	1.391729951	CHR3	4	4	1
AT3G22680	3	8017633	8020508	8018102	8018250	1.042349339	1.130779982	CHR3	8	8	1
AT3G22670	3	8017654	8019552	8018102	8018250	1.042349339	1.130779982	CHR3	8	8	1
AT3G23480	3	8418778	8422975	8421752	8422786	1.054008099	3.131390095	CHR3	22	7	0.318181818
AT3G23490	3	8422649	8424652	8422658	8423712	0.532081269	1.217759967	CHR3	30	7	0.233333333
AT3G24514	3	8937382	8938949	8938212	8938687	0.2842106	0.730657995	CHR3	24	23	0.958333333
AT3G24517	3	8938106	8938641	8938212	8938623	0.253934888	0.730657995	CHR3	23	23	1
AT3G24590	3	8970632	8972464	8971749	8972423	0.565247268	1.623690009	CHR3	17	6	0.352941176
AT3G24600	3	8972195	8973319	8972206	8972850	0.530677233	1.26354003	CHR3	14	6	0.428571429
AT3G24715	3	9024943	9030311	9026552	9030198	0.850238153	1.913630009	CHR3	77	17	0.220779221
AT3G24730	3	9029758	9030894	9029759	9030198	0.517818107	1.043799996	CHR3	17	17	1
AT3G24929	3	9103981	9109606	9104885	9108641	0.250095359	0.956815004	CHR3	81	66	0.814814815
AT3G24982	3	9106000	9109971	9106001	9108641	0.202798115	0.521898985	CHR3	66	66	1
AT3G25010	3	9110057	9112936	9110346	9112350	0.652008853	2.609489918	CHR3	52	11	0.211538462
AT3G25012	3	9111934	9112416	9111983	9112341	0.812285632	1.461320043	CHR3	11	11	1
AT3G25480	3	9235171	9236648	9235209	9235600	0.689622009	1.500460029	CHR3	4	1	0.25
AT3G26355	3	9654475	9654538	9654491	9654526	0.194887504	0.199550003	CHR3	4	4	1
AT3G26430	3	9671517	9675927	9672453	9674150	0.525899943	1.449720025	CHR3	45	45	1
AT3G26420	3	9671517	9676005	9672453	9674150	0.525899943	1.449720025	CHR3	45	45	1
AT3G26850	3	9895542	9898006	9895544	9897250	0.58678045	1.304749966	CHR3	31	8	0.258064516
AT3G28630	3	10728951	10730898	10729097	10730874	0.624541703	7.045629978	CHR3	48	40	0.833333333
AT3G28635	3	10729313	10731391	10729319	10731384	0.591978308	7.045629978	CHR3	48	40	0.833333333
AT3G28740	3	10788698	10790553	10788717	10789100	1.063015237	1.455819964	CHR3	9	2	0.222222222
AT3G28899	3	10902184	10902515	10902441	10902479	0.855504483	0.974210978	CHR3	2	2	1
AT3G43590	3	15509527	15512574	15510465	15512476	0.547901174	3.205950022	CHR3	31	10	0.322580645
AT3G44150	3	15887490	15888879	15888752	15888879	1.09163932	1.513509989	CHR3	5	2	0.4
AT3G44630	3	16195848	16201225	16199102	16199350	0.949856412	1.356940031	CHR3	1	1	1
AT3G44635	3	16199123	16200095	16199225	16199350	1.014804343	1.356940031	CHR3	1	1	1
AT3G45900	3	16873869	16876083	16874202	16874450	1.07598201	1.696169972	CHR3	1	1	1
AT3G46990	3	17311672	17313752	17313452	17313750	0.621139164	1.138689995	CHR3	5	2	0.4
AT3G47675	3	17576004	17579578	17577750	17578107	0.199147455	0.521898985	CHR3	7	7	1
AT3G47680	3	17577398	17579577	17577750	17578107	0.199147455	0.521898985	CHR3	7	7	1
AT3G48070	3	17750710	17752965	17751902	17752885	0.485398901	1.239510059	CHR3	19	6	0.315789474
AT3G48160	3	17783331	17786160	17784984	17786097	1.060785481	2.261559963	CHR3	18	4	0.222222222
AT3G48470	3	17951626	17956920	17952665	17956833	0.630028546	3.827260017	CHR3	80	30	0.375
AT3G48475	3	17954727	17956096	17954785	17956054	0.480255518	1.416579962	CHR3	30	30	1
AT3G49250	3	18255960	18260998	18257089	18259750	0.815210648	1.945260048	CHR3	45	18	0.4
AT3G49240	3	18255961	18258203	18257089	18257950	0.615462831	1.768659949	CHR3	18	18	1
AT3G49630	3	18397725	18400640	18400102	18400560	0.686111395	1.304749966	CHR3	8	3	0.375
AT3G51400	3	19077850	19078955	19077858	19078150	0.432879341	0.652374029	CHR3	7	6	0.857142857
AT3G52526	3	19484338	19487228	19485263	19485854	0.802300066	1.304749966	CHR3	25	25	1
AT3G52530	3	19484567	19486130	19485263	19485854	0.802300066	1.304749966	CHR3	25	25	1
AT3G52900	3	19613078	19614027	19613402	19614020	0.806426316	1.287350059	CHR3	8	2	0.25
AT3G53590	3	19866880	19872749	19866902	19867350	0.662669775	1.588389993	CHR3	5	3	0.6
AT3G54990	3	20373718	20376522	20373835	20373934	0.455625991	0.521898985	CHR3	7	7	1
AT3G55830	3	20714946	20717443	20716048	20717314	0.915966793	6.262790203	CHR3	23	11	0.47826087
AT3G55840	3	20716995	20718866	20717043	20717400	0.888263777	2.000610113	CHR3	11	11	1
AT3G56940	3	21076505	21078443	21078252	21078398	0.632906	0.82012701	CHR3	4	4	1
AT3G56950	3	21078297	21079925	21078297	21078729	0.745852298	1.652680039	CHR3	10	4	0.4
AT3G57360	3	21225540	21227039	21226652	21226939	0.978606661	1.153669953	CHR3	7	5	0.714285714
AT3G57370	3	21226733	21228475	21226792	21227550	1.175998624	2.21807003	CHR3	13	5	0.384615385
AT3G57710	3	21384676	21387399	21385502	21386396	1.198993623	2.870440006	CHR3	19	4	0.210526316
AT3G57700	3	21384917	21385939	21385502	21385650	0.579887668	0.695864975	CHR3	4	4	1
AT3G57720	3	21387570	21391638	21389602	21390584	0.691135052	1.722270012	CHR3	10	8	0.8
AT3G57730	3	21389854	21391614	21390185	21390584	0.573744787	1.174270034	CHR3	8	8	1
AT3G57910	3	21442642	21446183	21443352	21445000	0.588739244	1.474930048	CHR3	25	18	0.72
AT3G57920	3	21444243	21446035	21444262	21445000	0.567502539	1.474930048	CHR3	18	18	1
AT3G59295	3	21916156	21916756	21916159	21916250	0.338776492	0.521898985	CHR3	1	1	1
AT3G59300	3	21918321	21922706	21919535	21922500	0.406358783	1.739660025	CHR3	57	16	0.280701754
AT3G59310	3	21921746	21924435	21921818	21922500	0.672031076	1.739660025	CHR3	16	16	1
AT3G60286	3	22281629	22283719	22283152	22283494	0.64403029	1.174270034	CHR3	1	1	1
AT3G61560	3	22777741	22780191	22779802	22780172	0.438554747	0.913322985	CHR3	12	12	1
AT3G62030	3	22973004	22975378	22975002	22975376	0.917452	1.53670001	CHR3	12	3	0.25
AT3G62040	3	22975328	22976603	22975352	22975550	1.047423229	1.130779982	CHR3	7	3	0.428571429
AT3G62090	3	22988547	22990709	22988611	22989692	0.964796233	3.066159964	CHR3	23	5	0.217391304
AT4G00460	4	211000	213697	211137	211300	0.484163746	0.675399005	CHR4	1	1	1
AT4G00670	4	278316	279197	278393	278870	0.586452732	1.138689995	CHR4	11	9	0.818181818
AT4G00750	4	314239	317675	317252	317640	0.594850747	0.840837002	CHR4	10	4	0.4
AT4G00905	4	387451	389403	389252	389350	0.574710518	0.652374029	CHR4	3	3	1
AT4G01026	4	446978	448511	448046	448469	1.030253309	2.348550081	CHR4	12	12	1
AT4G01940	4	841989	843531	842313	842500	0.583219759	0.682483017	CHR4	7	4	0.571428571
AT4G01935	4	841057	842364	842313	842364	0.533548519	0.61975503	CHR4	4	4	1
AT4G02140	4	948598	951063	950952	951040	0.671351999	0.678469002	CHR4	6	6	1
AT4G02200	4	972707	974692	973732	974528	0.561711521	1.043799996	CHR4	18	13	0.722222222
AT4G02210	4	973924	976154	974067	975450	0.848566069	2.348550081	CHR4	30	13	0.433333333
AT4G02725	4	1204013	1207436	1204577	1205100	0.731370192	1.356940031	CHR4	17	14	0.823529412
AT4G02720	4	1204089	1205892	1204577	1204893	0.501375722	0.835038006	CHR4	14	14	1
AT4G03150	4	1393614	1394583	1393628	1393743	0.74952366	0.913322985	CHR4	2	2	1
AT4G03220	4	1417472	1419148	1418962	1419103	0.517238989	0.587135971	CHR4	9	9	1
AT4G05450	4	2758643	2760912	2759536	2760909	0.454043655	0.869831026	CHR4	30	13	0.433333333
AT4G05460	4	2760502	2762445	2760504	2761674	0.771179341	3.305360079	CHR4	35	13	0.371428571
AT4G10100	4	6308683	6309546	6309352	6309432	0.60888198	0.695864975	CHR4	6	2	0.333333333
AT4G10130	4	6319928	6321688	6319959	6320997	0.417033618	0.730657995	CHR4	14	3	0.214285714
AT4G10890	4	6688833	6693903	6691119	6693869	0.772785982	7.480549812	CHR4	52	17	0.326923077
AT4G10895	4	6693364	6694718	6693464	6694000	0.577749912	1.109040022	CHR4	20	17	0.85
AT4G11000	4	6730928	6732599	6732352	6732468	0.823224008	1.013100028	CHR4	5	2	0.4
AT4G12850	4	7536913	7539048	7538113	7538896	0.76326162	1.660590053	CHR4	22	11	0.5
AT4G12860	4	7538444	7538902	7538591	7538896	0.724917863	1.660590053	CHR4	11	11	1
AT4G13170	4	7653594	7656594	7654352	7655050	0.497995004	0.720717013	CHR4	8	8	1
AT4G13160	4	7653594	7654969	7654352	7654938	0.500660087	0.720717013	CHR4	8	8	1
AT4G13345	4	7765060	7769763	7769552	7769734	0.783936508	1.356940031	CHR4	4	2	0.5
AT4G14100	4	8120717	8122417	8122052	8122355	1.191839286	2.087599993	CHR4	6	3	0.5
AT4G14301	4	8233764	8234227	8233820	8233983	0.246796992	0.260948986	CHR4	8	8	1
AT4G14500	4	8334055	8337640	8335217	8337591	0.522322591	2.311269999	CHR4	44	12	0.272727273
AT4G16330	4	9225859	9228103	9225866	9226200	0.518811571	1.565700054	CHR4	6	6	1
AT4G16670	4	9385119	9387754	9387052	9387688	0.803853315	1.391729951	CHR4	13	8	0.615384615
AT4G16695	4	9394080	9395967	9395698	9395800	0.42041866	0.587135971	CHR4	1	1	1
AT4G18220	4	10078638	10080362	10078859	10080318	0.97313863	2.145580053	CHR4	25	17	0.68
AT4G18215	4	10077201	10079928	10078859	10079700	0.901062767	1.696169972	CHR4	13	13	1
AT4G18230	4	10079998	10082057	10080071	10081135	0.60254718	2.087599993	CHR4	11	4	0.363636364
AT4G18372	4	10151116	10152139	10151118	10151400	0.886745155	1.391729951	CHR4	3	1	0.333333333
AT4G18600	4	10239638	10247550	10240068	10246770	0.666043724	9.394180298	CHR4	127	45	0.354330709
AT4G18596	4	10238976	10241975	10240068	10241976	0.917802438	9.394180298	CHR4	45	45	1
AT4G18830	4	10336566	10338674	10337702	10338400	0.954925993	1.350800037	CHR4	11	11	1
AT4G18840	4	10336566	10340378	10337702	10338400	0.954925993	1.350800037	CHR4	11	11	1
AT4G19000	4	10405137	10407339	10406102	10407317	0.493831997	0.913322985	CHR4	23	9	0.391304348
AT4G19003	4	10406694	10409057	10406698	10408250	0.383070683	0.894684017	CHR4	25	9	0.36
AT4G19400	4	10580827	10581989	10581015	10581225	0.565390396	0.869831026	CHR4	6	6	1
AT4G19410	4	10580893	10585861	10581015	10581225	0.565390396	0.869831026	CHR4	6	6	1
AT4G19540	4	10657289	10659566	10658259	10659508	0.682258888	1.565700054	CHR4	22	5	0.227272727
AT4G19550	4	10659253	10661311	10659359	10660527	0.596559316	1.565700054	CHR4	15	5	0.333333333
AT4G20390	4	11006815	11008076	11006967	11007250	0.770717005	1.565700054	CHR4	2	1	0.5
AT4G20690	4	11097242	11098024	11097652	11097999	0.486483429	0.679841995	CHR4	33	15	0.454545455
AT4G20700	4	11097843	11100408	11097848	11098000	0.474161007	0.60888201	CHR4	15	15	1
AT4G20890	4	11182092	11184559	11184208	11184400	0.746277243	1.485399961	CHR4	5	5	1
AT4G20900	4	11184103	11185844	11184208	11184400	0.746277243	1.485399961	CHR4	5	5	1
AT4G22467	4	11840119	11841517	11841285	11841319	1.080891013	1.168220043	CHR4	5	5	1
AT4G22470	4	11840134	11841450	11841285	11841319	1.080891013	1.168220043	CHR4	5	5	1
AT4G23530	4	12278915	12280851	12279967	12280794	0.889655992	1.957119942	CHR4	24	11	0.458333333
AT4G24380	4	12612378	12613719	12613505	12613715	0.7422566	1.043799996	CHR4	7	7	1
AT4G24890	4	12811354	12814456	12811367	12811500	1.089359323	1.267470002	CHR4	2	2	1
AT4G25315	4	12951109	12952952	12951252	12951956	0.928732268	2.087599993	CHR4	12	10	0.833333333
AT4G25310	4	12949664	12951937	12951252	12951750	1.089899707	2.087599993	CHR4	10	10	1
AT4G25660	4	13083407	13085596	13084752	13085573	0.974548352	1.9648	CHR4	20	9	0.45
AT4G25670	4	13085198	13087090	13085405	13086043	0.811405925	1.714810014	CHR4	22	9	0.409090909
AT4G26770	4	13482064	13484943	13484802	13484863	0.396002501	0.43491599	CHR4	2	1	0.5
AT4G29580	4	14510147	14512488	14512302	14512474	0.853522494	1.130779982	CHR4	4	4	1
AT4G30780	4	14990286	14993085	14991302	14992868	0.481343648	2.609489918	CHR4	33	11	0.333333333
AT4G31010	4	15106558	15108636	15107563	15108545	0.443812498	1.043799996	CHR4	18	7	0.388888889
AT4G31020	4	15108101	15110289	15108302	15108850	0.549278087	1.043799996	CHR4	13	7	0.538461538
AT4G31073	4	15117779	15118562	15118070	15118486	0.590310329	0.782848001	CHR4	5	5	1
AT4G31354	4	15218069	15220811	15219640	15220807	0.444323037	1.043799996	CHR4	31	19	0.612903226
AT4G31355	4	15219431	15220309	15219640	15220299	0.312608282	0.695864975	CHR4	19	19	1
AT4G31530	4	15282230	15287390	15284799	15286400	0.856441667	3.653290033	CHR4	41	41	1
AT4G31540	4	15284385	15287464	15284799	15286400	0.856441667	3.653290033	CHR4	41	41	1
AT4G32810	4	15828228	15831492	15831252	15831486	1.008715415	1.252560019	CHR4	2	2	1
AT4G32830	4	15842443	15844865	15844564	15844772	0.491363397	0.782848001	CHR4	6	5	0.833333333
AT4G33355	4	16066987	16067820	16067302	16067769	0.931312302	1.739660025	CHR4	4	1	0.25
AT4G34138	4	16347997	16350203	16348502	16348650	0.68047601	0.691672981	CHR4	7	7	1
AT4G34139	4	16348104	16349118	16348502	16348650	0.68047601	0.691672981	CHR4	7	7	1
AT4G34340	4	16426483	16428013	16426741	16427250	0.553034173	0.730657995	CHR4	11	9	0.818181818
AT4G34345	4	16426678	16427185	16426741	16427100	0.503821742	0.695864975	CHR4	9	9	1
AT4G34650	4	16542242	16545194	16544952	16545194	1.151658231	1.652680039	CHR4	4	1	0.25
AT4G36130	4	17097405	17098906	17098752	17098818	0.373302996	0.456661999	CHR4	2	2	1
AT4G38280	4	17941796	17943363	17942785	17943263	0.749685176	2.087599993	CHR4	9	6	0.666666667
AT4G38290	4	17942871	17944047	17942879	17943849	0.654186587	2.087599993	CHR4	12	6	0.5
AT4G39990	4	18542551	18543978	18543692	18543916	0.994267325	1.826650023	CHR4	4	1	0.25
AT5G01760	5	291687	294304	294052	294194	0.530724337	0.68937403	CHR5	7	7	1
AT5G02065	5	405869	408334	406302	408197	0.628088476	3.287960052	CHR5	71	71	1
AT5G02070	5	405895	408220	406302	408197	0.628088476	3.287960052	CHR5	71	71	1
AT5G02280	5	469298	470285	470102	470232	0.801653326	1.124089956	CHR5	3	1	0.333333333
AT5G02680	5	604918	608193	605827	607507	0.412322171	0.782848001	CHR5	23	7	0.304347826
AT5G02690	5	607190	607704	607249	607507	0.48391842	0.616789997	CHR5	7	7	1
AT5G02710	5	612463	614562	613502	613950	0.936507003	1.565700054	CHR5	10	9	0.9
AT5G02720	5	613482	615091	613757	613950	0.7942385	1.118350029	CHR5	9	9	1
AT5G04250	5	1176005	1179008	1176802	1178967	0.564777201	2.609489918	CHR5	29	6	0.206896552
AT5G04260	5	1178644	1180060	1178801	1179269	0.74991931	1.565700054	CHR5	14	6	0.428571429
AT5G04600	5	1323574	1326984	1324582	1325753	0.542099798	1.87883997	CHR5	21	7	0.333333333
AT5G04610	5	1325588	1326928	1325645	1325753	0.623171993	0.782848001	CHR5	7	7	1
AT5G05470	5	1620458	1622340	1621935	1622200	0.3813705	0.459271014	CHR5	10	3	0.3
AT5G05735	5	1719966	1720166	1720003	1720112	0.39695699	0.521898985	CHR5	7	7	1
AT5G06230	5	1884928	1887175	1884949	1885654	0.536313934	1.913630009	CHR5	13	12	0.923076923
AT5G08400	5	2706458	2708946	2706517	2707950	0.904511267	3.392339945	CHR5	35	19	0.542857143
AT5G08480	5	2743319	2745111	2744752	2745012	0.878288329	1.043799996	CHR5	6	6	1
AT5G08510	5	2752992	2755749	2754252	2755680	0.802878758	2.348550081	CHR5	27	11	0.407407407
AT5G08520	5	2755144	2758540	2755162	2757658	0.532572168	2.261559963	CHR5	46	11	0.239130435
AT5G08540	5	2763823	2765734	2765452	2765714	0.544425661	1.043799996	CHR5	3	1	0.333333333
AT5G10605	5	3351196	3353392	3352202	3352900	0.766768636	1.391729951	CHR5	14	14	1
AT5G10600	5	3351037	3352894	3352202	3352847	0.718694689	1.284669995	CHR5	14	14	1
AT5G10680	5	3373224	3374414	3374052	3374325	0.919351012	1.159780025	CHR5	6	6	1
AT5G11390	5	3633649	3636934	3634359	3636909	0.422897075	1.826650023	CHR5	51	11	0.215686275
AT5G11400	5	3636614	3638059	3636672	3636950	0.598400508	1.826650023	CHR5	11	11	1
AT5G12120	5	3915676	3918933	3916235	3918063	0.438918576	1.391729951	CHR5	37	16	0.432432432
AT5G12110	5	3914468	3916896	3916235	3916873	0.293657503	1.157250047	CHR5	16	16	1
AT5G12380	5	4009168	4010687	4009261	4010607	0.419638928	1.043799996	CHR5	29	7	0.24137931
AT5G12390	5	4010443	4012134	4010473	4011389	0.592106638	3.131390095	CHR5	19	7	0.368421053
AT5G13280	5	4249312	4253264	4250448	4253250	0.547048645	1.565700054	CHR5	50	11	0.22
AT5G13290	5	4252842	4255378	4252917	4253250	0.621718713	1.252560019	CHR5	11	11	1
AT5G14310	5	4615163	4617633	4616710	4617402	0.544418863	1.043799996	CHR5	16	7	0.4375
AT5G14320	5	4617218	4618981	4617228	4617402	0.471225399	0.894684017	CHR5	7	7	1
AT5G15720	5	5124525	5126486	5124634	5125600	0.480099044	1.043799996	CHR5	16	5	0.3125
AT5G15840	5	5170162	5173085	5171016	5172677	0.823493648	3.848999977	CHR5	40	25	0.625
AT5G15843	5	5170416	5172382	5171016	5172329	0.90339456	3.848999977	CHR5	25	25	1
AT5G18000	5	5959900	5961642	5959908	5960000	0.63698402	0.682483017	CHR5	1	1	1
AT5G18970	5	6333211	6334642	6333250	6333288	0.824624002	0.893027008	CHR5	4	4	1
AT5G19150	5	6423305	6428468	6425564	6427633	0.562780713	1.565700054	CHR5	31	7	0.225806452
AT5G19140	5	6423153	6426166	6425564	6426124	0.712395333	1.435220003	CHR5	7	7	1
AT5G20980	5	7122800	7128412	7123149	7127750	0.664820328	7.567530155	CHR5	81	21	0.259259259
AT5G20970	5	7122800	7124001	7123149	7123993	0.913979502	1.730509996	CHR5	21	21	1
AT5G21920	5	7241201	7242880	7241352	7241700	0.938594567	2.261559963	CHR5	10	10	1
AT5G21910	5	7240659	7241746	7241352	7241613	0.921060329	2.261559963	CHR5	10	10	1
AT5G22050	5	7301224	7303876	7302775	7303852	0.724103598	1.304749966	CHR5	20	7	0.35
AT5G22060	5	7303506	7305870	7303526	7304879	1.143429504	3.653290033	CHR5	30	7	0.233333333
AT5G22810	5	7621502	7623367	7622702	7623326	0.608664994	1.391729951	CHR5	17	4	0.235294118
AT5G25170	5	8693012	8695095	8694202	8694800	1.051463172	1.913630009	CHR5	13	3	0.230769231
AT5G25180	5	8694630	8697108	8694735	8694800	0.982910991	1.304749966	CHR5	3	3	1
AT5G25260	5	8752684	8754522	8753402	8754438	1.188027903	5.871359825	CHR5	38	12	0.315789474
AT5G25265	5	8754181	8756948	8754212	8756056	0.430300025	1.252560019	CHR5	29	12	0.413793103
AT5G25520	5	8885088	8889904	8885868	8889860	0.607467247	5.479939938	CHR5	96	26	0.270833333
AT5G25530	5	8889271	8891128	8889295	8890100	0.529135335	1.826650023	CHR5	31	26	0.838709677
AT5G27020	5	9508098	9508878	9508802	9508867	0.902447969	1.217759967	CHR5	1	1	1
AT5G27400	5	9676334	9678503	9677452	9677850	0.948188258	1.565700054	CHR5	7	7	1
AT5G27493	5	9703194	9703546	9703402	9703525	0.696980337	0.82634002	CHR5	4	4	1
AT5G27630	5	9775854	9781002	9780702	9780993	1.007605836	1.356940031	CHR5	10	10	1
AT5G28210	5	10188586	10190463	10190002	10190453	0.531277493	1.043799996	CHR5	19	7	0.368421053
AT5G36001	5	14141641	14143436	14141715	14142150	0.993616886	2.044100046	CHR5	3	2	0.666666667
AT5G38630	5	15465992	15468185	15466802	15468102	0.861136816	1.696169972	CHR5	34	12	0.352941176
AT5G38640	5	15467679	15470724	15467792	15469929	0.763900906	2.870440006	CHR5	52	12	0.230769231
AT5G38680	5	15477324	15479040	15478552	15478966	0.816523446	1.159780025	CHR5	10	9	0.9
AT5G39520	5	15823735	15825566	15823746	15823950	1.054564822	1.565700054	CHR5	4	2	0.5
AT5G39775	5	15923803	15924404	15923821	15924397	0.112360467	0.282108009	CHR5	44	44	1
AT5G40650	5	16281394	16283527	16282645	16283518	0.386846098	0.695864975	CHR5	10	4	0.4
AT5G41109	5	16452453	16452593	16452465	16452525	0.302701011	0.334015012	CHR5	2	2	1
AT5G41320	5	16533931	16535989	16534575	16535950	0.627101858	1.84671998	CHR5	39	11	0.282051282
AT5G41330	5	16535339	16538016	16535404	16537050	0.804556211	2.087599993	CHR5	42	11	0.261904762
AT5G42760	5	17148808	17150451	17149352	17150411	0.398878589	1.491140008	CHR5	29	7	0.24137931
AT5G42765	5	17150238	17151681	17150288	17150784	0.522636633	1.22645998	CHR5	13	7	0.538461538
AT5G43440	5	17455233	17456695	17455292	17455350	0.414619505	0.463910013	CHR5	2	2	1
AT5G43822	5	17618740	17621979	17619352	17621800	0.501232567	1.696169972	CHR5	51	30	0.588235294
AT5G43820	5	17618948	17620710	17619352	17620709	0.488914498	1.224460006	CHR5	30	30	1
AT5G43860	5	17630426	17632338	17631632	17631944	0.368078564	0.474691987	CHR5	23	23	1
AT5G43870	5	17631426	17635945	17631632	17631944	0.368078564	0.474691987	CHR5	23	23	1
AT5G44500	5	17927443	17929835	17929171	17929822	0.929710007	1.774459958	CHR5	22	9	0.409090909
AT5G47435	5	19241672	19243988	19242502	19243843	0.541931146	1.043799996	CHR5	23	8	0.347826087
AT5G47440	5	19243531	19245648	19243574	19245100	0.585087544	4.305669785	CHR5	26	8	0.307692308
AT5G51010	5	20744553	20745703	20745414	20745500	0.615095004	0.782848001	CHR5	1	1	1
AT5G51630	5	20969128	20975940	20970694	20975917	0.508340363	4.001220226	CHR5	119	27	0.226890756
AT5G51640	5	20975180	20977668	20975270	20976567	0.46729797	1.565700054	CHR5	43	27	0.627906977
AT5G51690	5	20997413	21001054	20997739	21000173	0.459497459	1.565700054	CHR5	65	39	0.6
AT5G51680	5	20997320	20998907	20997739	20998856	0.396764458	1.267470002	CHR5	39	39	1
AT5G52040	5	21130320	21133709	21131098	21133387	0.717290296	2.435529947	CHR5	56	20	0.357142857
AT5G52045	5	21131045	21131700	21131098	21131687	1.196029228	2.435529947	CHR5	20	20	1
AT5G52100	5	21170048	21172346	21170739	21172312	0.956893791	4.649640083	CHR5	28	12	0.428571429
AT5G52110	5	21171634	21174019	21171693	21173122	0.431534939	1.078590035	CHR5	29	12	0.413793103
AT5G52170	5	21196602	21202664	21199552	21200850	0.542209152	1.043799996	CHR5	43	25	0.581395349
AT5G52180	5	21200040	21201610	21200141	21200850	0.546004264	0.794892013	CHR5	25	25	1
AT5G54080	5	21945865	21948913	21946782	21948850	0.557137068	1.356940031	CHR5	48	18	0.375
AT5G54090	5	21948124	21952594	21948238	21951350	0.889102568	3.392339945	CHR5	66	18	0.272727273
AT5G56120	5	22721373	22722613	22722452	22722527	0.750230014	0.848085999	CHR5	2	2	1
AT5G56610	5	22916692	22918468	22917522	22918111	0.933268387	1.710669994	CHR5	16	4	0.25
AT5G56620	5	22917934	22921499	22917954	22918111	0.917066738	1.217759967	CHR5	4	4	1
AT5G57250	5	23194833	23198609	23194902	23197702	0.496168449	3.027009964	CHR5	58	13	0.224137931
AT5G57240	5	23192872	23195476	23194902	23195278	0.369074121	0.739356995	CHR5	13	13	1
AT5G58570	5	23672695	23673287	23672785	23673000	1.079423988	2.368619919	CHR5	7	2	0.285714286
AT5G61270	5	24638491	24640765	24638590	24638950	0.872212876	1.304749966	CHR5	6	3	0.5
AT5G61650	5	24778191	24779989	24779502	24779689	0.975455239	1.157099962	CHR5	11	11	1
AT5G61660	5	24778653	24779945	24779502	24779689	0.975455239	1.157099962	CHR5	11	11	1
AT5G61910	5	24855621	24864172	24856152	24863350	1.082891114	7.567530155	CHR5	162	47	0.290123457
AT5G61900	5	24855661	24859341	24856152	24858700	0.843723331	3.18937993	CHR5	47	47	1
AT5G61920	5	24864290	24866019	24865102	24865600	0.925455701	1.26354003	CHR5	19	19	1
AT5G61930	5	24865086	24868812	24865102	24865600	0.925455701	1.26354003	CHR5	19	19	1
AT5G64400	5	25747856	25750830	25747907	25748000	0.819472522	0.869831026	CHR5	1	1	1
AT5G64960	5	25955374	25958995	25956147	25958872	0.342021327	1.565700054	CHR5	57	24	0.421052632
AT5G64970	5	25958025	25960663	25958031	25959750	0.495426566	1.416579962	CHR5	41	24	0.585365854
AT5G66280	5	26476166	26477754	26476854	26477751	0.465149451	2.479020119	CHR5	43	16	0.372093023
AT5G66290	5	26477296	26479590	26477315	26478737	0.535099725	2.479020119	CHR5	29	16	0.551724138
AT5G66530	5	26551755	26555886	26552452	26554642	0.484329906	0.956815004	CHR5	40	26	0.65
AT5G66520	5	26551784	26553741	26552452	26553639	0.445270123	0.913322985	CHR5	26	26	1
AT5G67230	5	26822432	26824328	26824052	26824316	1.151496828	1.68166995	CHR5	9	2	0.222222222
